msk.id,Valerate,Hexanoate,Isobutyrate,Isovalerate,2-Methylbutyrate,5-Aminovalerate,Glycine,Alanine,Proline,Valine,Threonine,Cysteine,Leucine,Isoleucine,Aspartate,Lysine,Glutamate,Methionine,Phenylalanine,Tryptophan,Tyramine,Benzoate,Phenylacetate,Palmitate
DFI.6.39,0.166174077,-0.095502733,1.143969066,3.604554499,5.332967285,-0.455830726,0.032505353,0.144772483,0.269112573,0.124462732,0.304826889,-0.103597698,-0.012371514,0.077985633,0.549913589,0.300786985,0.605628167,0.436801111,-0.003177712,0.040601168,-0.316874843,0.190551645,1.627898872,0.164194438
DFI.1.269,0.221425741,-0.012024448,2.303952917,4.932955794,6.354748216,-0.455830726,0.329613411,0.163223988,0.399764206,0.138547535,0.11070439,0.046215829,0.009032302,0.071417653,0.347727579,0.319481011,0.45481756,0.345924464,0.106566322,0.105209358,-0.168616918,0.07820016,2.620438954,0.314467955
DFI.2.31,-0.342150406,-0.582248138,1.673160249,4.134527379,6.162873914,-0.676056232,0.698272172,0.642341844,1.228173665,0.534920379,0.036124829,0.346638854,0.290419806,0.443691172,0.390088932,0.715766156,0.569601332,0.338119869,0.589188832,0.669381725,0.15522742,-0.123335245,2.997412052,-0.13190185
DFI.6.32,0.002160291,-0.142605148,1.517392717,4.179759466,6.048619359,0.021667977,0.490714109,0.336787921,0.993561688,0.40939264,0.062224718,0.143130475,0.097941906,0.219039885,0.478961158,0.165495721,0.402131879,0.369192169,-0.027100912,0.177611119,-0.169801115,0.268255268,5.938189656,0.377715668
DFI.2.11,-0.104967189,-0.546880216,0.578798746,2.030304851,4.166314506,0.104398796,0.193489708,0.284635806,0.536906659,0.262921208,0.429369256,0.300560449,0.126472085,0.257275587,0.767200789,0.550504513,1.104633271,0.436747126,0.216425006,0.850267447,-0.200792766,-0.129430702,1.018015581,-0.25409227
DFI.5.4,0.34011506,0.248242893,1.549193552,4.533630307,6.424520871,0.285712857,0.736659542,0.619418022,1.013257873,0.432776394,1.023025542,0.432324349,0.037924468,0.267834435,1.108253975,0.332283944,1.42000209,0.61537767,0.361767383,0.418717493,-0.710926999,0.493662208,2.944600651,0.414477219
DFI.6.22,0.007158594,-0.260376279,0.767032061,2.80001358,4.519962451,-0.455830726,0.167573793,0.192123658,0.368761423,0.073036645,0.08044938,-0.353713312,-0.021818526,0.079268804,0.174102353,-0.048471515,0.471798938,0.203658711,-0.028927153,-0.001265722,-0.30011018,-0.04508384,1.766725091,-0.064724669
DFI.5.5,0.090295784,0.420353359,4.725390127,6.51705323,7.831386106,-0.060704564,0.625114417,0.508272937,1.068903828,0.370497474,0.325469943,0.016363936,0.1813934,0.254618021,0.99096999,0.789256803,1.07051522,0.851119108,0.186647817,0.115443816,-0.471358209,0.158927581,8.386259285,0.539765609
DFI.6.89,-0.116270882,-0.287650724,3.89228751,5.667373841,7.057875533,-0.455830726,0.211628331,0.229739888,0.537878472,0.054829062,0.22033526,-0.000904309,-0.054770454,0.040329066,0.678941423,0.383576688,0.750680753,0.437057502,-0.012153838,0.217776464,-0.162984143,-0.104921094,6.871115169,0.040189435
DFI.3.10,0.02044968,-0.252042273,0.620002064,2.548375317,4.627404109,-0.279601631,0.141731512,0.065469014,0.506543814,0.143125934,-0.044482812,-0.014270179,0.031641957,0.051063991,-0.005235963,-0.053922685,0.126347596,0.019367516,-0.017467745,-0.02494185,-0.018757288,0.03618512,4.45970037,0.220921409
DFI.6.6,-0.021729042,-0.146086522,0.826661328,2.485053764,4.974910212,0.01846896,0.075735249,0.111109095,0.612107511,0.141967203,-0.079769045,-0.113441861,-0.003355021,0.097148787,0.035949274,-0.192134643,0.037889535,0.06130542,0.000335362,-0.285557713,-0.057461975,0.012014363,3.633633167,0.126190773
DFI.3.21,0.294526349,0.014403545,1.116886712,3.379349655,4.63890277,-0.605611145,0.815926479,0.262618381,0.861820575,0.461146714,0.261347134,0.726218291,0.332757232,0.470753542,0.368747194,0.062913521,-0.381005087,0.568537344,0.787237522,0.654892978,-1.605280938,0.199360398,3.880064156,0.405476032
DFI.6.12,-0.234136179,-0.122300967,0.085555884,2.042338363,2.892536299,0.376588558,1.012089681,0.598988414,0.934197009,0.615965392,0.246985264,0.159462099,0.424724154,0.63947214,1.042957448,0.257454148,0.301289835,0.208562922,0.511805566,0.399161036,-0.047559376,0.059225432,3.822864751,0.196923905
MSK.18.73,-0.342517862,-1.361365507,0.665651284,3.525066978,4.182028827,-0.363687545,0.848855312,0.65387179,0.906500504,0.682743173,-0.176175624,0.233834944,0.572567753,0.61743986,-0.79979538,0.161857886,-0.097654831,0.289291483,0.472676553,-0.524220237,-0.006190819,0.375350881,5.939652406,0.474729947
DFI.1.153,0.344723106,0.224796804,0.423586333,3.053335421,4.174288141,-0.264481464,0.674257984,0.479638448,0.553192221,0.557929462,-0.608656003,0.110783125,0.553776673,0.487391279,-1.102459075,-0.150190349,-0.673280403,-0.006339341,0.392183344,-0.98964212,-0.040621331,0.776503003,4.031514762,0.186002173
DFI.5.60,-0.036436096,-0.329089624,1.144971268,4.693760674,5.811343554,0.18640607,0.936607314,0.652115269,0.955469215,0.471161672,1.002769466,1.005136405,0.209138036,0.331480866,1.287488135,0.324995732,1.333199188,0.262862968,0.20705528,0.847342857,-0.596743266,0.399685021,6.234233911,0.225830352
DFI.5.6,-0.342517862,0.039277789,0.808548668,3.838831626,4.887899962,-0.427846435,0.643923206,0.496176471,0.638373055,0.626996979,-0.371346882,0.207457102,0.618971046,0.654307139,-0.44449487,0.048008642,-0.346189245,0.209169933,0.454698529,-0.675020263,0.093857399,0.688427002,4.617002258,0.537531752
MSK.16.27,-0.776665949,-1.008469245,1.474527954,5.179868043,6.236159909,-0.073808587,0.304828874,0.362522661,0.833101628,0.080950219,1.035156356,1.07247377,-0.221832606,-0.114259639,-1.427445615,0.394488821,0.961896683,0.366832432,0.075678508,0.714402966,-0.127945638,0.180730672,6.174073572,0.221037766
DFI.5.9,-0.39106946,-0.306049038,0.259927329,2.523514975,2.522175178,0.39400689,0.544759591,0.561460718,0.577970305,0.185455271,0.85076799,0.780243077,0.018254941,0.054776509,-0.041546371,0.122854711,0.52210836,0.143055511,0.078997553,0.883822366,-0.393878432,0.400432628,5.126214628,0.139457105
DFI.6.73,-0.069885228,-0.77510906,0.990784536,4.529869426,5.19172223,0.971699641,0.306183022,0.44376456,0.219206282,-0.042139059,1.393986275,1.542869866,-0.292158312,-0.206638619,-0.257669277,0.485012861,1.576640225,0.497230294,-0.055847172,2.115056259,-0.20389441,0.627895585,5.744750158,0.119677674
DFI.5.35,-0.342517862,-0.598099439,1.436254576,4.997323042,6.192548065,-0.97088068,0.613443722,0.626964061,0.83709293,0.640517245,-0.468691293,0.239553701,0.584653932,0.588379941,-3.613330041,0.020837088,-0.942202762,0.155058858,0.412577683,-0.701077284,-0.083459674,0.75644302,5.9703766,0.382868899
DFI.6.90,0.165770482,-0.163805411,1.90099227,5.428185687,6.786417791,-0.97088068,0.710899375,0.641999655,1.286649915,0.740159407,-0.492136634,0.277258499,0.585238059,0.611059554,-5.399120235,0.097538893,-1.007844089,0.306191182,0.47564125,-0.657584129,-0.285454595,0.377014308,6.302075269,0.615973794
MSK.10.5,-0.342517862,-0.554044936,1.256380583,4.830486192,5.953426833,-0.239530995,0.819153623,0.692758569,0.960653535,0.72596618,-0.168109594,0.450042695,0.604481405,0.666735138,-3.878850479,0.222053404,-0.453671308,0.293567037,0.510249854,-0.092564818,-0.028506799,0.536175094,5.842519188,0.406437745
MSK.13.23,-0.2785032,-0.596611176,1.960839319,5.720102226,6.870393649,0.81346206,0.674157513,0.530410026,1.132544048,0.37562332,0.624897835,0.983562859,-0.024123709,0.107648171,-3.551657534,-0.030293413,0.563096535,0.087196539,0.246340958,0.333067187,-0.521552438,0.552083568,6.132310109,0.482660021
MSK.16.53,-0.342517862,-1.374579459,1.305886062,4.983210819,6.009316098,-0.436998069,0.844009823,0.746469565,1.111675383,0.834353764,-0.286218144,0.470064424,0.757069961,0.772268064,-4.201876758,0.290425716,-0.446276854,0.267028098,0.613824197,-0.516127287,0.125569284,0.635809039,5.594930983,0.436245339
MSK.22.78,-0.068686543,-0.66659047,1.770158232,5.320863772,6.585273692,-0.704602805,0.650009043,0.591606112,0.971384271,0.664107361,-0.567504774,0.311575166,0.489255279,0.598364494,-5.994563368,0.095745696,-1.234126258,0.211585667,0.454791791,-0.392733072,-0.166356277,0.23931402,6.284339802,0.238089251
MSK.7.6,-0.342517862,-0.839125743,1.615097468,5.248662463,6.428994814,-0.301603009,0.446830475,0.473872914,0.817586047,0.427019947,-0.307004169,0.235185871,0.326585222,0.386837214,-5.458340914,0.000793445,-0.915754716,0.208595714,0.260553506,-0.632932828,-0.14639933,0.321258705,6.003458953,0.143917732
DFI.6.36,-0.091841587,-0.293398815,0.830953203,4.525943,5.363238881,-0.390295025,0.396001735,0.387070045,0.501258194,0.150573053,0.175842952,0.034855073,-0.130009513,0.028025059,0.23844371,0.20959902,0.296088628,0.41936254,-0.129724162,-0.080221307,-0.001043805,0.197078105,5.830384962,0.471898186
DFI.5.8,-0.342517862,-1.2913294,1.583381215,5.144814964,6.265802126,-0.469120433,0.811478469,0.686140322,0.734924403,0.756909369,-0.507520651,0.444537597,0.722909588,0.682311821,-4.342088429,0.023707969,-0.734499017,-0.001142599,0.553345703,-0.424386246,-0.020664044,0.115435406,5.859671184,0.492104709
DFI.9.47,-0.591279691,-1.483209527,1.374192486,5.238074862,6.249916671,0.130577764,0.965669533,0.425578974,0.922559258,0.55797623,-0.342248948,0.133689825,0.258469318,0.269618669,-4.753393497,-0.394240278,-0.736134764,-0.408960646,0.626721647,-0.234579276,-0.414005767,-0.144667888,5.587013528,0.129340151
MSK.16.13,-0.240100131,-0.323281654,0.768796034,3.826090838,4.362644945,0.224638188,0.183897544,0.270779029,0.33011338,0.056789932,0.400699747,0.544914236,-0.181755004,-0.037339034,-1.695349765,0.469826952,-0.044224604,0.198146563,-0.143592318,0.441843646,0.098903366,0.216177056,4.802697651,0.369229899
MSK.17.76,-0.613646616,-0.578893285,0.159186313,2.688561257,3.793316988,0.680019559,1.062515843,0.632223492,0.971216702,0.536263031,0.621730863,0.629622369,0.37402955,0.508558166,1.172670046,0.66004021,0.802452905,0.127329794,0.723388618,0.820986977,-0.004291073,0.213403185,5.08728999,0.389621882
MSK.18.83,-0.342517862,-0.4686614,0.255162425,2.705589782,3.44831242,-0.470886487,0.727064592,0.530799906,0.587533991,0.610728238,-0.426570897,0.146343997,0.649639514,0.661874612,-0.524642934,-0.03016921,-0.625847547,0.010499863,0.46131614,-0.802436956,0.075042909,0.416360332,4.234611067,0.449681292
MSK.22.29,-0.123701077,-0.479915526,0.21842842,2.567114789,3.671386614,0.23727335,1.06695346,0.587281843,0.926626934,0.520566119,0.437760824,0.280737409,0.436914111,0.603185346,1.14313259,-0.148492164,0.44212539,0.105957534,0.706149181,0.344081277,-0.371444698,0.07779247,4.84320874,0.355360165
DFI.4.65,-0.215060622,-0.985775441,0.866704774,4.315381516,5.076295512,-0.183895696,0.496316482,0.628423976,0.461658661,0.356789523,0.028786671,0.343343556,0.150505278,0.252120948,-2.124074352,-0.023492802,-0.434883193,-0.106986661,0.177125575,-0.033537815,-0.149977535,0.134620219,4.91314082,0.121619165
MSK.14.55,-0.982971449,-0.880424885,2.070244585,6.175067832,7.38692725,0.831914753,0.776587086,0.672463933,1.347168244,0.343687895,0.777722185,0.711375243,-0.134443582,0.015236074,-3.680084249,0.144261997,1.320665552,0.459334613,0.346133688,0.430135338,-0.663099643,0.470618969,5.144637352,0.291779281
MSK.20.72,-0.342517862,-1.859102693,2.119502356,5.954989932,7.088185625,-0.552745379,0.803082718,0.55785112,1.076472157,0.722492419,-0.666789226,0.045529874,0.568443743,0.605857274,-5.277699185,-0.0459107,-0.954140418,0.232835122,0.512537495,-0.835056813,-0.113904383,0.245495446,5.289647288,0.218060694
DFI.1.148,-0.342517862,-0.26209916,0.353112729,2.450074665,3.350879369,-0.213356218,0.728880221,0.588323674,0.560928706,0.573980309,-0.382020478,0.375401829,0.544191698,0.507032475,0.720114725,0.324828404,0.021246312,0.173399535,0.561635587,0.489295796,0.018397614,0.265827579,4.207164438,0.35703308
DFI.2.13,-0.342517862,-1.036050577,0.625758626,3.615506457,3.910314777,-0.97088068,0.625229856,0.652745049,0.757977724,0.610836547,-0.439417447,0.240767428,0.584793063,0.528915125,-3.378584015,-0.046903876,-0.705445343,0.117574565,0.41187207,-0.348930262,0.007465529,0.366872889,5.341912866,0.348557101
DFI.2.27,-0.342517862,-0.400609547,0.534093297,3.206674013,4.073163342,-0.156586072,0.536338666,0.431046705,0.604935407,0.495710811,-0.256497726,0.085926786,0.472908995,0.404255041,0.229520167,-0.038719993,-0.33431389,0.116874828,0.294038109,-0.951771822,-0.080377219,0.608250241,4.810736072,0.622133909
DFI.3.6,-0.215239455,-0.149875733,0.772472924,3.707185058,4.834134459,0.758875291,0.980710956,0.892406392,1.076780126,0.469458801,0.708919915,0.574397369,0.27062554,0.353047687,-2.707805606,-0.108939615,-1.244142442,0.095999634,0.400668153,-0.062228399,-0.451774676,0.522279776,5.342400116,0.387214337
DFI.4.151,-0.342517862,-1.298339565,0.316648667,2.639863833,3.681800371,-0.548672949,0.713087082,0.46881841,0.6907079,0.557571963,-0.431247746,-0.049744587,0.571917397,0.579170639,0.299327143,-0.041828376,-0.345450109,0.153544308,0.40010632,-0.640755876,-0.158060711,0.567855036,4.697014145,0.294304373
DFI.6.98,0.140266723,-0.274730186,0.32196818,2.658929309,3.32797772,-0.97088068,0.53838346,0.323834754,0.587428759,0.454379627,-0.653788945,0.012365351,0.462763804,0.506427021,-0.308371545,-0.010718625,-0.609052725,-0.024630574,0.30128611,-0.752440225,-0.138417729,0.133476526,4.311677293,0.317435619
MSK.14.51,-0.342517862,-1.104490346,0.572583004,3.168030819,4.100788812,-0.572473588,0.810275198,0.603821741,0.741448757,0.710556952,-0.168865914,0.238735293,0.70499109,0.749600587,0.377682002,0.194451597,-0.111223419,0.130690523,0.570944145,-0.419445107,-0.07694943,0.468115317,5.027768611,0.453573111
MSK.16.60,-0.342517862,-0.794356547,0.608487993,3.324222301,3.939465188,-0.542596354,0.722402078,0.577179901,0.754252194,0.648091901,-0.246574959,-0.133770208,0.578235123,0.594580442,-0.114519362,0.012344323,-0.354003457,0.131265882,0.448662335,-0.566497906,-0.140316936,0.540473233,5.414542842,0.352015379
MSK.18.2,-0.281040993,-0.852985649,0.505002181,3.217460496,4.003472762,0.774131787,0.284908815,0.418342538,0.551486006,0.048753554,0.92138855,0.884538688,-0.122211782,-0.087076256,1.399278446,0.202205563,1.12291054,0.266882679,-0.000352563,0.364712897,-0.274759338,0.375790321,4.988736836,0.537843971
MSK.23.45,-0.043446714,-0.736293349,0.647461513,3.513095463,4.486179555,1.054707705,0.402611945,0.665026209,0.669313025,0.183367823,0.97764176,0.787595448,-0.026800499,0.022480296,0.847644021,0.135457268,0.938810424,0.229367557,-0.073214418,0.398382798,-0.488004297,0.58696884,5.523578949,0.624719944
DFI.1.121,-0.306103359,-0.516903694,0.497892033,3.514182838,4.339928936,-0.220608836,-0.024555511,-0.092037122,0.034306316,-0.107960483,-0.133383737,-0.159312264,-0.16729224,-0.159144459,-0.221247942,-0.189432203,-0.12771059,-0.124382724,-0.180223634,-0.317869687,-0.183552268,-0.260383756,4.025549433,-0.633236965
DFI.3.57,-0.33160968,-1.015368847,0.121905491,2.334024898,3.406966958,-0.305679776,0.755186191,0.253415559,0.696853955,0.384153654,-0.161526971,-0.018744427,0.29583844,0.339366151,0.074290808,-0.196792762,-0.061588798,-0.053412938,0.459612398,-0.114966907,-0.209643053,-0.036400224,3.359041748,0.171893444
DFI.4.120,0.082957338,-0.603866293,0.107272502,2.5467599,3.383876234,-0.455830726,0.044000908,0.01730832,0.102920804,-0.027858776,-0.327462784,-0.04643743,-0.036257241,-0.020376924,0.028237583,-0.008909351,0.016973828,-0.023378456,-0.095336126,-0.144064483,-0.103117094,-0.005734659,2.947765689,-0.035375664
DFI.5.36,-0.054846708,-0.410475201,0.848045134,3.946778109,4.72755834,0.46458882,0.269596044,0.255259224,0.46021871,0.161531311,0.290588793,0.212175392,0.031201166,0.0748581,0.764497688,0.431139375,0.664577021,0.503645328,0.123795622,0.242408441,-0.245965657,0.012772548,4.4445097,-0.108904532
DFI.6.25,0.221915115,-0.918230378,1.633028222,5.220984283,6.436210695,0.618908075,0.759513403,0.970255856,0.908788037,0.445971222,1.0559507,0.898882946,0.157070805,0.254652078,-0.314643856,0.548890775,1.198120738,0.665959684,0.228889951,0.57983575,-0.433967737,0.282947773,6.003753526,0.482696973
DFI.6.83,-0.130805861,-1.06073694,0.235989304,2.814998906,3.928518658,-0.220036071,0.45544104,0.181267892,0.512888648,0.2533753,-0.204727268,-0.108122542,0.180074043,0.177896201,-0.219090398,-0.319392581,-0.251056203,-0.252851741,0.258677063,-0.217929645,-0.320628594,-0.00085006,4.60430854,0.008154382
MSK.16.31,0.173793066,1.53559385,0.596084542,3.405147077,4.849630656,0.829700495,0.11612406,0.088582331,0.282495066,-0.190921668,0.703048023,0.285402504,-0.346205191,-0.327236389,1.006385986,-0.058686749,0.888268436,-0.067003165,-0.23955792,0.170260103,-0.516965784,0.781637323,4.558162336,0.243940939
MSK.17.15,0.317581468,-0.009142941,0.331954285,2.552361611,3.756406369,0.459121747,0.259356419,0.191946,0.159672802,-0.049368104,0.842910935,0.43030351,-0.127185572,-0.119580534,1.088488871,-0.173180473,1.048100664,0.12150752,0.003259255,1.230831651,-0.592227999,0.633903805,4.059685825,0.319862844
MSK.18.89,-0.047364338,-1.181545977,0.671923846,3.665011618,4.462186084,-0.380738527,0.122805334,0.173249806,0.226064225,0.031664591,0.346311916,0.037327645,-0.029553069,-0.016722762,0.125159204,0.316154857,0.280734535,0.325092102,0.004377208,0.183861874,-0.141080521,0.137259872,4.529087537,-0.013279636
MSK.19.63,-0.251600144,-1.584566666,0.475688226,3.457035154,4.480912638,-0.229433729,0.743739926,0.490611098,0.773539497,0.448507936,0.177587418,0.062505528,0.255526844,0.285878687,0.14507575,0.053770522,0.095583598,0.256978526,0.263337794,-0.064400734,-0.067944001,0.157704288,4.887771505,0.225268893
MSK.20.30,0.090776813,-0.8290462,0.553522075,3.241332053,4.382668778,-0.47780724,1.030136291,0.409360026,0.892552194,0.529802955,-0.189934347,-0.034703364,0.454176929,0.550749049,-0.003574129,-0.456831543,-0.156308752,-0.094079458,0.695592304,-0.318617088,-0.545878017,0.072973143,4.412201418,-0.160623378
MSK.20.32,-0.199618209,-0.973295182,0.390315652,3.089870134,4.128961282,-0.09983101,0.501141329,0.285029254,0.753701961,0.370219162,0.209425563,0.063665993,0.186477641,0.307408997,0.414483949,0.1245915,0.247639429,0.257427264,0.170723152,0.010624992,0.027419416,0.136052267,4.629930692,0.369199056
DFI.5.11,-0.667051783,-1.309877966,1.066579739,4.026992966,5.003870338,0.935735295,0.917185406,0.536684981,0.817025863,0.414240753,-0.237834829,0.028900177,0.343999212,0.370582758,-0.823089272,-0.394264335,-0.335862278,-0.286862479,0.561659311,-0.113947753,-0.387034873,0.248701339,4.974774892,0.106295817
DFI.6.13,-0.909089792,-0.689705205,0.616803156,3.309901653,4.206112398,-0.381359423,0.259282567,0.293819756,0.741876801,0.157706985,-0.115714489,-0.281377229,-0.124451457,0.121732767,0.325940616,-0.304571894,-0.048593901,-0.011113651,-0.132019751,-0.024743392,-0.368526471,0.037208826,4.908104052,-0.207688385
MSK.17.2,0.074964046,0.142455825,0.790319578,3.733145481,4.465581277,-0.254410461,0.645400351,0.585006603,0.705657039,0.661535724,-0.37488621,0.311625551,0.635393405,0.577077552,-1.230667398,0.013117887,-0.711774102,0.150253724,0.438941476,-0.60874662,0.030841686,0.385135217,5.213670889,0.422853989
MSK.19.24,0.338139433,0.023548333,0.406894618,2.799401394,3.950330441,0.599371179,0.200935256,0.13254784,0.201578448,-0.156968943,0.660111483,0.483205839,-0.33184047,-0.275209373,1.605795696,-0.074712845,0.80182069,-0.09282717,-0.133130202,0.77827481,-0.679205758,0.370005643,4.693838587,0.360630745
MSK.20.12,-0.957718355,-0.774323928,1.160677991,4.307224606,5.655749025,0.338820361,0.268812151,0.397902128,0.405935193,-0.13070324,1.03165185,0.95313157,-0.380813223,-0.337104237,-0.59157333,0.548951532,1.091360663,0.203850815,-0.203101857,1.482459395,-0.262695936,0.424848124,5.617210429,0.217223787
DFI.6.9,0.979444982,-0.405364603,3.599765881,5.715854843,6.803320961,-0.455830726,-0.194781339,-0.121622709,0.178906992,-0.152066565,-0.71826278,0.089771653,-0.223995594,-0.209094049,-1.971974542,-0.543175011,-0.309194116,-0.269982922,-0.348516613,-0.588609691,-0.251956271,-0.092587472,6.95234967,-0.152999867
MSK.21.23,-0.004289867,0.026796598,1.532077408,5.823040731,6.518898504,0.416068062,1.715147577,0.748202303,1.638614791,0.789521559,0.903580692,0.459325838,0.445011958,0.724086993,0.99864684,0.83898852,1.06751379,0.65248924,1.042640859,1.391858423,-0.362390912,0.205974206,0.841164298,0.181155547
DFI.1.156,0.261769736,0.384766386,4.469352663,7.674291342,8.984252691,1.138475503,1.112273158,1.051713175,2.389477337,0.477162211,0.645081548,-2.843603523,-0.296523425,-0.064567992,1.988848382,-0.360671367,1.583592454,0.767848997,-0.148612423,0.307618237,-0.911870761,1.08488942,9.131837514,0.884465691
DFI.3.53,0.198532212,0.047929793,4.017820025,6.975097478,8.299149227,-0.756229221,1.204194457,0.862685398,2.306072112,0.664342626,0.011553234,-3.481930143,-0.006749879,0.110027125,0.847835145,-0.174445973,0.640772269,0.79533262,0.026561923,-0.083490615,-0.366418727,0.363504641,9.069179325,0.729881287
DFI.9.51,-0.148470588,-0.278132603,3.234365621,5.915296699,6.744603695,0.00020124,0.031713119,0.079831837,0.325520389,-0.114868163,-0.184422721,-0.116480049,-0.256672781,-0.222683209,-0.204476704,-0.362771552,0.147070235,-0.063239383,-0.275129098,-0.193011452,-0.114704133,-0.018432208,6.879012492,-0.179996418
DFI.1.37,2.206387265,1.013384216,1.227654589,4.518125769,5.344472523,-0.471105198,0.73479839,0.697205712,0.912203687,0.873211438,-1.216345758,0.044573418,0.715325171,0.761015209,-1.137853584,-0.042099228,-0.808763619,-0.178262272,0.541355722,-0.751935951,-0.20059649,0.237671574,5.56338671,0.093026962
DFI.2.1,2.196395469,0.710578314,1.320593645,4.958571686,6.10109946,-0.611264466,0.364725391,0.397277512,0.746298573,0.43223978,-0.530522465,0.020978749,0.388913575,0.408590215,-1.009581528,0.054858033,-0.300949484,0.095556175,0.253339416,-0.731109923,-0.079714184,0.448719258,6.129399234,0.341153844
DFI.3.8,1.906880781,0.8243352,1.042057115,4.605510677,5.787379588,-0.252912236,0.640261844,0.554880844,0.968458718,0.642527231,-0.379840104,0.148364593,0.605312383,0.67909331,-0.509131855,0.147915324,-0.028065757,0.244516601,0.470783293,-0.575402541,-0.063156449,0.724555275,6.043152962,0.382760055
DFI.4.160,0.29355535,0.335783327,0.95399765,3.83274043,5.006920506,-0.489157342,0.790601444,0.593903564,1.038814648,0.742810436,-0.116488001,0.256483445,0.736147655,0.752009364,-0.497756306,0.316984859,0.111301752,0.238974858,0.612999075,-0.302720355,0.026588318,0.405312483,5.184483632,0.340401572
DFI.5.23,2.629339933,0.984527327,1.527952154,5.214658231,6.447713456,-0.739553267,0.521381644,0.492921049,0.939085435,0.594104784,-0.254543308,0.096422005,0.533243562,0.616445109,-1.012917201,0.147065458,0.071579677,0.207991183,0.384166556,-0.618282035,-0.08660204,0.254801299,6.215200057,0.435993008
DFI.6.54,2.531685073,0.916973813,1.262978241,5.051057493,6.191149945,0.561476407,0.16484497,0.297339059,0.652826068,-0.085774055,0.530514969,0.552632769,-0.31167924,-0.172792561,0.369247248,0.006697446,0.481819582,-0.12991298,-0.004236883,0.221136451,-0.573968498,0.245024332,6.343665192,0.405501477
DFI.3.86,0.171818479,0.05262601,0.33167964,3.28288207,4.293388311,-0.97088068,0.70725919,0.514081037,1.214051253,0.650676767,-0.482532211,0.128027687,0.578429791,0.670932987,-0.160560253,0.208332059,-0.126404706,0.299282794,0.489115508,-0.541317054,0.051328371,0.543289543,4.246757374,0.42371455
DFI.1.92,0.322553709,0.088079313,0.85217862,3.908362109,5.09620054,-0.708133167,0.706764463,0.413790571,0.979784622,0.584397787,-0.530806503,-0.012473886,0.490882821,0.532259166,-0.500071659,0.031588236,-0.304814941,0.205897739,0.3794188,-0.692819973,-0.016740651,0.324971654,5.165078804,0.523193417
DFI.4.73,0.330847085,0.589554704,2.17548107,5.774046931,6.588142926,0.141116446,0.863822431,0.697653079,1.372835866,0.648604857,0.622324469,0.807314492,0.433197229,0.600680729,0.258699628,1.049167525,0.93194249,1.080908821,0.570040319,0.730342319,-0.649050978,0.598462873,7.195174274,0.1118081
MSK.9.14,0.134396577,0.148065998,1.283912893,4.837206563,5.977642766,0.787893093,0.860949464,0.59693438,1.831040629,0.560993568,0.595405557,0.713049838,0.178725875,0.438801744,0.909300925,0.270077444,1.091931422,0.377627965,0.315257735,0.156113681,-0.7044459,0.444605663,6.080327329,0.247453933
MSK.16.37,-0.583247336,-0.344006339,0.319662111,1.94643882,2.898812362,-0.401199925,0.621034227,0.242828333,0.692274655,0.34074921,-0.023691781,0.051981967,0.166692289,0.261177892,0.522498375,0.06265535,0.183808838,0.160353061,0.157555999,0.216644759,-0.237508756,0.002671503,0.46829807,0.55961371
DFI.4.132,-0.342517862,-0.64778863,1.158780031,3.896779878,5.221772626,-0.268058162,0.641634835,0.557343879,0.860274663,0.712487992,-0.365377232,-0.228025544,0.652740639,0.668212675,-3.503740004,0.058348945,-0.29762409,0.147703654,0.519418184,-0.521729533,0.004114677,0.23048499,0.410341268,0.299211671
DFI.5.24,-0.342517862,-0.604911295,0.847024388,3.092186302,4.361861614,-0.604252585,0.383531504,0.397406768,0.428157533,0.45430894,-0.685346189,-0.295811288,0.43366043,0.382496586,-3.373675893,-0.296331603,-0.859381517,-0.204201468,0.281099017,-0.973495279,-0.079149229,0.295790688,0.507295695,0.384110886
DFI.7.53,-0.80050845,-0.73375576,1.314127319,4.295706748,5.750919091,-0.066667461,0.895306119,0.722432405,1.51883206,0.585629246,0.205995361,0.365290428,0.411429133,0.571639934,-2.059436138,0.127786164,0.288929748,0.049576632,0.863830127,0.194219209,-0.428697943,0.059243077,0.298396616,-0.124976353
MSK.19.36,-0.342517862,-0.907584506,1.43650757,4.411766037,5.847043417,-0.713376712,0.504263262,0.49317714,0.836167231,0.567284129,-0.352440726,-0.364400193,0.492124455,0.564035543,-5.184274946,0.041007574,-0.579012515,0.151645847,0.374833645,-0.68345108,-0.032019977,0.249106049,0.281312984,0.394414212
MSK.20.40,-0.512734436,-0.814563678,1.30773468,4.174092233,5.330153846,-0.419413207,0.914339508,1.022037534,1.028602413,0.576207469,-0.333148233,0.299369479,0.410945952,0.399591262,-5.03944645,-0.412765732,-3.427345012,-0.071392933,0.778955902,-0.246485581,-0.45350328,0.012859358,0.316008902,0.024306345
DFI.1.83,-0.342517862,-1.508868864,1.732846386,4.877109718,6.214403888,-0.436111427,0.443451713,0.525820057,0.910349586,0.521242945,-0.442951288,-0.868556371,0.442000238,0.49021208,-5.295132035,-0.101021745,-0.428046582,0.047513373,0.300364941,-0.885059608,-0.066990299,0.267870332,0.413224984,0.506351129
DFI.3.65,-0.123720643,-0.480507356,1.08480386,3.963471132,5.324862138,-0.669109545,0.774566222,0.647209796,1.140412208,0.61865614,-0.142144611,0.188169759,0.54200679,0.611045482,-0.964353261,0.183742446,0.209005391,0.36166228,0.493993221,-0.54121605,-0.247377676,0.327186414,0.280429853,0.463498297
DFI.3.92,-0.342517862,-0.322446355,0.878051735,3.405581248,4.632844508,-0.390515116,0.4987077,0.539094364,0.85551292,0.588051191,-0.350744314,-0.036942691,0.518220823,0.564841412,-3.374224311,0.026698672,-0.303527056,0.144715315,0.408019878,-0.763559197,-0.041811362,0.468831094,0.559306246,0.586696394
DFI.4.135,-0.342517862,-1.043395278,1.371099793,4.309821086,5.777939318,-0.97088068,0.590998408,0.572772848,0.928718034,0.613981702,-0.224423259,-1.23197401,0.579259889,0.582947095,-5.664661833,0.030718849,-0.471196898,0.112251499,0.42662553,-0.78585341,-0.009215344,0.327983082,0.601466165,0.520958249
DFI.5.25,-0.342517862,-0.273974622,0.891754249,3.395241189,4.539456701,-0.752290519,0.367375168,0.472134282,0.627595751,0.448517573,-0.534291102,-0.461202727,0.498127755,0.455928508,-4.899507236,-0.099650909,-0.639539392,-0.01304353,0.32437764,-0.896844648,-0.022185328,0.551520099,0.423771754,0.409906199
DFI.6.58,-0.342517862,-0.766542153,1.167567937,3.823411614,5.263644156,-0.24448332,0.392342349,0.497974603,0.748613556,0.520139094,-0.423184074,-0.70141478,0.400225163,0.487142798,-5.126045989,-0.0742571,-0.672475695,0.024767087,0.327751088,-0.649012575,-0.037127251,0.372637643,0.658176778,0.365763993
DFI.6.64,-0.342517862,-0.962862678,1.430332061,4.385418254,5.838756498,-0.612086224,0.425834048,0.440145024,0.7597137,0.526783264,-0.387195238,-1.192522449,0.425413172,0.448022517,-5.466643861,-0.003688797,-0.539919899,0.038301246,0.273784581,-0.839555098,-0.016453827,0.406757531,0.497166326,0.321186975
MSK.10.8,-0.566067136,-0.111815082,2.443849281,5.57014159,7.287082974,0.270788862,0.831612664,1.005398656,2.030181856,0.949073925,0.628398475,0.827685877,0.410616061,0.78866223,-4.112331096,0.486262436,0.695633037,0.77181554,0.653945282,0.504730393,-0.330311888,0.332958171,0.53615787,0.226472971
MSK.15.52,-0.342517862,-0.740511558,1.336691524,4.343795706,5.700553765,-0.508652656,0.616112315,0.608820166,1.052689517,0.625908261,-0.160818661,-0.442404217,0.575375434,0.588585222,-3.489910169,0.065664886,-0.064481294,0.308781231,0.453998716,-0.533826255,-0.104817903,0.364314579,0,0.193201391
MSK.16.84,-0.342517862,-1.233467762,1.174626706,4.17904705,5.633060625,-0.97088068,0.804170755,0.814438485,1.304460239,0.830657483,-0.358910529,0.041787671,0.801870973,0.74530409,-3.648335581,0.162754717,-0.099465448,0.340555896,0.670380235,-0.516889743,-0.052558283,0.725655755,0,0.446011117
MSK.17.65,0.07257292,-0.871505546,0.807487041,2.835897716,4.103628159,-0.97088068,0.337843979,0.381735684,0.540093369,0.346349324,-0.593410965,-0.355721879,0.348781468,0.335316968,-3.28996926,-0.179346535,-0.53334512,-0.06351753,0.193673717,-0.799083541,-0.124501991,0.469121263,0.234567894,0.282623373
MSK.17.73,-0.342517862,-0.15905608,0.682142872,2.699717959,4.047617836,-0.536629704,0.34015277,0.360860579,0.618716776,0.420814873,-0.634785372,-0.321016434,0.297741927,0.359699234,-3.5997146,-0.186439401,-0.725089513,-0.064484686,0.24149007,-0.790658543,-0.104056424,0.296640038,0.300604076,0.382874978
MSK.19.45,-0.342517862,-1.032616302,1.707023438,4.885144371,6.20571879,-0.97088068,0.585300388,0.593759901,1.065577344,0.71564055,-0.43314569,-0.156670339,0.591139526,0.606809292,-4.818129354,0.01645221,-0.517246588,0.139789801,0.468812586,-0.740901402,-0.075629574,0.792741642,0,0.596173511
MSK.19.56,-0.342517862,-2.098438982,0.948983499,3.904122592,5.175022658,-0.97088068,0.548465448,0.529361569,0.828876304,0.554449597,-0.392950509,-0.305002809,0.510017964,0.520302595,-3.402961883,0.08835633,-0.749862867,0.117245526,0.404875462,-0.709998966,0.05278521,0.396723649,0.228375166,0.214214673
MSK.20.28,-0.342517862,-0.923349624,1.468898604,4.52618317,5.961362596,-0.97088068,0.711910269,0.683037627,1.149926445,0.755648103,-0.034659293,-0.354825402,0.640568399,0.70177753,-3.812565435,0.248369643,-0.00889818,0.346909021,0.59623643,-0.616382609,0.058704084,0.393353803,0.374952333,0.579673701
MSK.23.53,0.173486737,-1.3001682,1.910259108,5.077567257,6.591480915,-0.97088068,0.883836188,0.785038361,1.483787502,0.935643038,0.039982616,-0.325762345,0.809658173,0.882163947,-4.839334017,0.36208549,0.156965724,0.526852215,0.71609012,-0.274872962,0.00038049,0.890777063,0.465476659,0.672167191
MSK.6.33,-0.342517862,-0.790574796,1.192370357,4.180979047,5.615511886,-0.524951799,0.558516183,0.528637035,0.855283534,0.647756394,-0.250547957,-0.381839246,0.539154994,0.626180177,-5.161646365,0.120680951,-0.361758141,0.221871388,0.508435667,-0.561826487,-0.055970851,0.714007416,0.488253894,0.462870767
MSK.7.15,-0.342517862,-0.504028901,1.355701953,4.29207342,5.707256965,-0.97088068,0.853136066,0.753554087,1.419615276,0.848057553,0.058064729,0.186426845,0.743447965,0.824725965,-2.144741546,0.385144778,0.135718852,0.433113087,0.619221786,-0.3917853,0.003483647,0.577708753,0,0.195660558
MSK.9.20,-0.342517862,-0.493198302,1.021362368,3.694896242,5.127362725,-0.301305544,0.790780429,0.745291506,1.176378921,0.737701202,-0.073106793,0.182370345,0.663021221,0.75317361,-1.034262655,0.237729641,0.037920535,0.36990343,0.55711834,-0.204345429,-0.137384575,0.452953326,0,0.513641856
MSK.9.7,-0.871683047,-0.76538895,1.440120013,4.406272406,5.798778678,0.295809992,0.242857276,0.400315792,0.858567398,0.341279771,0.164556169,-1.650447286,0.119858194,0.242192241,-4.978026105,0.073051836,-0.08389512,-0.027023343,0.096547064,0.100187283,-0.137812751,0.093084697,0.593530249,0.114621275
MSK.10.30,-0.721995533,-1.02419115,-0.18074216,0.222941418,0.378488092,1.491152895,0.384563956,0.124446001,0.510062031,-0.15616465,0.748682527,0.683169925,-0.256221013,-0.168483927,1.107480833,-0.040167905,1.065308271,-0.024090074,0.034343977,0.875708112,-0.733391303,0.564590378,0.197597185,0.112041326
MSK.21.28,-0.863361535,-0.882714268,-0.499481446,-0.174809354,-0.831004316,-0.455830726,-0.024230677,-0.112119714,-0.037008474,-0.107739556,-0.125499663,-0.167866822,-0.095842415,-0.114593878,-0.281229809,-0.195790298,-0.137471141,-0.19345361,-0.14318252,-0.154547953,-0.125260399,-0.083221239,-0.365840751,-0.180861445
MSK.21.61,-0.205828545,-0.389793739,-0.033946288,0.190486003,0.41913182,0.085985966,0.394180298,0.134453704,0.337282916,0.085521621,0.346989504,-0.128016834,0.10091424,0.114078144,0.297481792,0.156397066,0.23287866,0.116249795,0.330064997,0.791404682,0.007376569,0.185487657,-0.271915448,0.054575327
MSK.21.66,-0.807858843,-0.852121452,-0.266361129,0.305971749,-0.524946514,0.435818306,0.382629795,0.195951709,0.712254491,0.188375142,0.483469098,0.489599836,-0.069563637,0.154617257,0.652118722,0.594872979,0.595660069,0.581460857,-0.26202326,0.571950623,-0.26082191,1.391826586,0.143065544,0.64281833
MSK.21.95,-0.961053833,-0.951374756,-0.136970709,0.976230775,1.743337547,0.407419759,0.451169093,0.344359205,0.905523865,-0.507877865,0.919661558,0.844345528,-0.854883148,-0.504578092,1.458043207,0.260686639,1.358122062,0.315814634,0.30409337,0.797804432,-0.30265064,1.377360139,0.197201289,0.402827757
MSK.21.44,-0.668089872,-0.807971106,-0.32924451,0.493545554,0.30650717,0.685199412,1.17101558,0.455217626,1.040177472,0.503339552,0.245329735,0.410731506,0.372990044,0.521475659,0.34380788,0.203351742,0.345577433,0.19044843,0.579810692,0.470017439,-0.334347106,0.76871411,0.212798905,0.3127395